id_temp,id,idgroup,text,order,
48092,31701,12290,"ολύδωρον ἑκάβης τε κ(αὶ) τοῦ πριάμου παῖδα,",0,
98,16923,15261,ἄρξου χῆρ μου ἀγαθε ,0,
243,16941,14872,+ Οσπερ ξένη χαίροντε ἠδὶν πατρηδαν,0,
48,16907,14872,"+ ὥσπερ ξένοι χαίρο(...) πατρίδα,",0,
268,16949,9033,κεραννύων ἄριστα καὶ περιπλέκων,1,
427,16982,14872,+ ὥσπερ ξένοι χαίροντες εἰδεῖν π(ατ)ρίδα |,0,
533,16999,10869,Η χεῖρ μὲν ἡ γράψασα. |  σήπετε τάφωι: |,0,
545,17003,14872,ὥσπερ ξένοι χαί|ροντὲς ἰδὴν | πατρίδ(α):,0,
592,17015,10869,"ἡ μὲν χεὶρ ἡ γράψασα, σήπετε τάφω·",0,
48115,31708,14932,παιδὸ(ς) ἐοῦ χείρεσι λιπ(εῖν) βίον· ὣς γ(ὰρ) ἔνευσε‧,2,
1011,17080,10869,"ἠ χεὶρ μὲν ἠ γράψασα σύπετε τάφω,",0,
1129,17097,14872,+ ὠσπερ ξἐνῆ χαῖροῦσὴν εῖδὴν π(ατ)ρίδα,0,
1562,17178,10869,+ ἡ μ(ὲν) χεῖρ ἡ Γράψασα σείπταιτέ τάφο·,0,
1675,17204,14872,ω(...)ερ ξένοι χαιρουσιν ἴδιν πατριδα,0,
1702,17208,445,εἰς οὐ(ρα)νοὺς τὸν κόσμον ἐκπέμπεις ὅλον:|,7,
2751,17445,10869,"ἡ μὲν χεὶρ ἡ γράψασα σήπεται τάφω,",0,
2893,17485,14866,ὁ πάντα κόσμον ἐν | λόγω κτίσας πάλιν· |,0,
3074,17544,9033,κεραννύων ἄριστα καὶ περιπλέκω(ν)·,1,
46249,21465,15904,εἰς ἐξέτασιν τῆς ἀκηδίας φθάσας· |,106,
18326,21298,13035,ἥτις καθαρῶς ἐστι πρώτη γλυκύτης· |,3,
3125,17562,14872,Ὥσπερ ξενοὶ χαίρουσιν ἰδεῖν | πατρίδα·,0,
3142,17572,14872,Ὧσπερ ξένοι χαίρουσιν ἡδὴν πατρίδα·,0,
3138,17570,14872,+ ὥσπερ ξένοι χαίρουσιν ἰδεῖν πατρίδα,0,
3140,17571,14872,"Ὥσπερ ξένοι χαίρουσιν ἰδεῖν πατρίδα,",0,
3094,17546,9033,κεραννύων ἄριστα καὶ περιπλέκων:,1,
3084,17545,9033,κεραννύων ἄριστα καὶ περιπλέκων:,1,
3167,17581,2520,Ἐτελειώθη σὺν θεῷ καὶ τὸ παρὸν πτυκτίον,0,
3244,17591,14872,+ ὧσπέρ ξένη χᾶίρου σὺν εἰδεῖν πα|τρὶδα·,0,
3308,17604,14872,ὥσπερ ξένοι χέρουσιν ἰδεῖν | πατρίδ(α)·,0,
3315,17606,5549,"χ(ριστ)ῶ τῶ δόντι ἀρχὴν καὶ τέλος, δόξα",0,
3404,17636,14872,Ὧσπερ ξένοι χαίρουσιν εἱδεῖν π(ατ)ρίδ(α),0,
3654,17685,5549,+ δόξα τῶ θ(ε)ῶ τῶ δόντι τὸ τέλος·,0,
3649,17682,10869,ἡ χεὶρ μὲν ἡ γράψασα σίψε|ται τάφω:,0,
3886,17713,14872,+ ὥσπερ ξένοι χαίροντες ἰδ(εῖν) π(ατ)ρίδα,0,
3925,17726,14872,"+ ὧσπερ ξένη χέροντες, ἡδῆν π(ατ)ρίδα·",0,
3889,17714,10869,+ ἡ μὲν χεὶρ ἡ γράφουσα σήπεται τάφω·,0,
4122,17781,15327,Οἶδ’ ὅτι θνητὸς ἐγὼ κ(αὶ) ἐφήμερος· ἀλλ᾽ ὅταν ἄστρων  ,0,
4196,17792,5549,δόξα τὸ δόντι ἀρχὴν (καὶ) τέλο(ς):–,1,
4386,17846,14872,+ ὥσπερ ξένοι χαίρουσιν πατρίδα φθάσαι |,0,
4365,17840,10869,"+ἡ μὲν χεὶρ ἡ γράψασα, σήπετ(αι) τάφω·",0,
4371,17843,5549,+ τῶ τὸ τέλος δεδωκότι θεῷ δόξα,0,
4483,17873,14872,"ὥσπερ ξαίνη χαίροντες ἰδῦν π(ατ)ριδα,",0,
4432,17859,10869,χε̃ρ μὲν εἱ γράψασα· σέπεται τάφω,8,
4454,17864,10869,ἡ χεῖρ μ(ὲν) ἡ γράψασα σέσι|πται τάφω:,0,
4543,17888,14872,"ὤσπερ ξένοι χάιρουσι ιδεῖν πατρί|δα,",0,
4539,17885,10869,+ χεὶρ μὲν ἡ γράψασα σήπεται τάφω·|,0,
4511,17876,6342,"ωσπερ τοῖς πεινοσι ὑδύς | ὁ ἄρτος, οὕτω",0,
4512,17876,3949,"κ(αί) τοῖς γράφουσ(ιν) | ὁ ἔσχατος, στίχος ·:·  ·:·  ·:·",1,
4618,17915,14872,ὥσπερ ξένοι τρέχοντες οἱδεῖν π(ατ)ρίδα·,0,
4707,17941,14872,+ ὅσπερ ξένη χαίρὸντες ιδεὶν πατρίδα,0,
4992,17996,14872,+ ὥσπερ ξένοι χέρ(ουσιν) ηδῦν π(ατ)ρίδαν·,0,
5157,18040,5549,Δόξα τῶ θ(ε)ῶ τῶ δόντι ἀρχὴν καὶ τέλος.,0,
5253,18062,14872,+ ὥσπερ ξένοι χαίροντες ἰδεῖν π(ατ)ρίδα,0,
5323,18086,14872,"ὥσπερ ξένοι χαίρουσ(ιν) ἰδεῖν π(ατ)ρίδα, |",0,
5588,18144,5549,Δόξα τῶ θ(ε)ῶ τῶ δόντι τὸ τέλος:·,0,
5599,18148,14872,ὤσπερ ξένοι χέροντες ιδειν (?) πατρίδαν,0,
5737,18180,14872,"Ὥσπερ ξένοι χαίρουσιν ἰδεῖν πατρίδα,",0,
5739,18180,14802,καὶ οἱ στρατευόμενοι [ἰδεῖν τὸ νῖκος],2,
13146,20043,14872,Ὥσπερ ξένοι χαίρουσιν ἰδεῖν πατρίδα,0,
48227,31962,14872,"‧:‧ ὥσπερ ξένοι χαίρουσιν ἰδεῖν πα(τρ)ίδα, ",0,
6001,18235,10869,"ἡ μὲν χεὶρ ἡ γράψασα, σέσημπται τάφῳ,",0,
6004,18236,14872,"+ ωσπερ ξενοι χαιρουσιν ἰδὺν πατρῖδα,",0,
6279,18306,14872,"Ὥσπερ ξένη χαῖροντες ἱδεῖν π(ατ)ρίδα,",0,
6277,18305,10869,"Ἱ μὲν χὺρ ἡ γράψασα σύπτεται (!) τάφω,",0,
6321,18315,14872,Ὥσπερ ξένοι χαίρουσιν (...),0,
6487,18358,14872,"+ ὧσπερ ξένοι χέρουσιν ιδεῖν π(ατ)ρίδ(α),",0,
6435,18346,10869,+ ἡ γὰρ χεῖρ ἡ γράψασα σήπετε τάφω,0,
6513,18365,14872,"+ ὧς πὲρ ξένοι χαίρωντες ιδεῖν π(ατ)ρίδας,",0,
6668,18396,14872,ὥσπερ ξένοι χέρουσιν ἡδὴν π(ατ)ρίδα,0,
6738,18423,14872,(....) χαίροντε ἰδεῖν π(ατ)ρίδα:,0,
6756,18432,5549,Δόξα τῷ δόντι τὴν ἀρχὴν καὶ τὸ τέλος,0,
6725,18418,14872,"ὤσπερ ξένοι χαίρουσιν πατρίδα βλέπειν,",0,
6742,18425,10869,"χεὶρ μὲν ἡ γράψασα, σήπτεται τάφω:",0,
6834,18466,14872,ὥσπερ ξένοι χαίροντ(αις) ἰδεῖν π(ατ)ρίδα γέν(ους),0,
6843,18469,14872,Ὡσπερ ξένοι χάιρουσιν ἱδεῖν π(ατ)ρίδα γένουσ·,0,
6902,18480,14872,+ ὀσπέρ ξενῆ χὲῥόν|τε ηδοῖν πατρὶδα |,0,
6950,18497,14872,Ὥσπερ ξένοι χαίρουσιν ἰδεῖν πατρίδα,0,
7067,18515,14872,"ὥσπερ ξένοι χέροντες ἰδεῖν πατρίδα,",0,
7070,18517,10869,"ἠ μὲν χεῖρ ἠ γράψασα, σή|πεται τάφω·",0,
7086,18522,10869,ὁτὶ χεῖρ με̃ν ἠ γράψασα σίπεται τάφω· |,0,
7167,18540,14872,+ ὥσπερ ξένοι χαίρουσιν ἰδ(εῖν) π(ατ)ρίδα,0,
7173,18542,14872,Ὥσπερ ξένοι χαίρουσιν ἰδεῖν πατρίδα,0,
7286,18560,5549,δόξα τῶ δόντι ἀρχὴν κ(αὶ) τέλος·,0,
7288,18561,14872,+ ὧσπερ ξένοι χάιρουσιν εὑρεῖν π(ατ)ρῖδα.,0,
48251,31994,14872,+ ὤσπερ ξένοι χαίροντες ἰδεῖν π(α)τρίδα+,0,
47932,31506,14872,+ Ὥσπερ ξένοι χαίρουσιν ἠδεῖν πατρίδα,0,
37383,25962,14872,ὥσπερ ξένοι χαίρουσιν ἰδεῖν π(ατ)ρίδα |,0,
7686,18619,14872,Ὥσπερ ξένοι χαίρουσιν ἡδεῖν πατρίδαν·,0,
1471,17161,14872,"ὥσπερ ξένοι χαί|ρουσι πατρίδα | βλέπειν,",0,
7852,18677,14872,"+ὥσπερ ξένοι χαίρουσιν πατρίδα βλέπειν,",0,
7931,18695,3949,οὕτως καὶ τοις γραφουσιν ὁ ὔστατος | στίχος.,1,
8075,18728,10869,ἡ μὲν χεὶρ ἡ γράψασα σύπεται τάφω·,0,
8123,18749,10869,"Ἠ χεὶρ μὲν γράψασα, σήπεται τάφω·",0,
8101,18742,14872,"+ ὥσπερ ξένοι χαίρουσιν ἰδεῖν π(ατ)ρ(ί)δα,",0,
8285,18778,10869,Εἰ μὲν χεὶρ ἡ γράψασα σύπεται τάφω·,0,
8307,18785,14872,+ ὥσπερ ξένοι χαίρουσιν ἰδ(εὶν) πα|τρίδα,0,
8304,18783,10869,+ ἡ μὲν χεὶρ ἡ γράψασα σήπετ(αι) τάφω,0,
8434,18827,14872,ὥσπερ ξένοι χαίρουσιν | ἰδεῖν πατρίδα.,0,
8557,18863,14872,"+ ὡς προξένοι χαίρουσιν ἰδεῖν πατρίδα,",0,
8548,18860,10869,":: χεῖρα μὲν ἡ γράψασα σύπεται τάφῳ,",0,
8581,18867,6342,ὡς ηδὺς ὁ ἄρτος τοῖς πεινῶ|σιν,0,
8588,18869,14872,ὥσπερ ξένοι (...) | ιδεῖν πατρίδα,0,
8583,18867,3949,οὕτω τοῖς γράφουσιν ὁ ὕσ|τατος στίχος:-,2,
8785,18906,14872,ὥσπερ ξένοι χαίρουσι πατρίδα βλέπειν,0,
8773,18900,14802,καὶ οἱ στρατευόμενοι ἰδεῖν τὸ κέρδος,2,
8799,18913,5549,"χάριν, δόξα τῶ θεῶ τῶ δόντι τέλος",1,
8795,18911,10869,ἡ χεὶρ μὲν ἡ γράψασα σίπεται τάφω,0,
8945,18964,14872,Ὥσπερ ξένοι χαίρονται οἰδεῖν πατρίδα,0,
9216,19005,5549,Δόξα τῶ θ(ε)ῶ τῶ δόντι ἀρχ(ὴν) καὶ τέλος:,0,
9273,19027,10869,"ἡ μὲν χεὶρ ἡ γράψασα σήπεται τάφω,",0,
9550,19092,14872,ὥσπερ ξένοι χαίροντες (...),0,
9700,19131,14932,σοῦ παιδὸς χείρεσσι λιπεῖν φάος ὡς γὰρ ἐπένευσε ,2,
9640,19115,15278,τῇ ἁγίᾳ καὶ μεγάλῃ κυριακῇ τοῦ Πάσχα,0,
9753,19149,14872,ὥσπερ ξένοι χαίρουσιν ἰδεῖν π(ατ)ρίδα· |,0,
10463,19350,15652,αἰσχύλε τί φ(ῆς) τ(οὺς) θ(εούς) σου προσφέρεις |,0,
10838,19439,12251,Πῶς ἐφρόνεις τάλαινα τῆ τέφρα μέγα:,5,
10917,19464,14872,ὥσπερ ξένοι χαίρουσιν (...),0,
11020,19487,5840,πόνοι δάκνουσι τοὺς ἀσυνήθ(εις) φί(λε),0,
11427,19565,10869,ἡ χείρ μὲν | ἡ γράψασα· σίπεται | τάφω·,0,
11430,19567,14872,[ὥσπερ ξένοι ...],0,
11404,19555,6342,ὡς τοῖς λίαν πεινῶσιν ἄρτος ἡδίων,0,
11410,19558,14872,ὥσπερ ξένοι χέροντες ἰδεῖν π(ατ)ρίδα,0,
11548,19595,14872,Ὥσπερ ξένοι χαίρουσιν (...),0,
11705,19656,14872,ὥσπερ ξένοι χαίρουσιν ἰδαῖν πατρίδα,0,
11829,19694,14872,ὥσπερ ξένοι χαίρωντες ἱδεῖν πατρίδα·,0,
12061,19731,14872,+ ὥσπερ ξένοι χαίροντες ἰδ(εῖν) π(ατ)ρίδα.,0,
12105,19746,5354,τῆς γραμματικῆς εἰμὶ τέχνης πυξίον· ,0,
12127,19756,14872,Ὥσπερ ξένοι χάιροντες ἰδεῖν πατρίδα,0,
12274,19796,5549,+ δόξα τῶ θ(ε)ῶ τῶ δόντι μοι τὸ τέλος.,0,
12615,19887,14872,Ὥσπερ ξένοι χέροντ(αι) ἰδεῖν πατρίδα,0,
12645,19899,14872,ὥσπερ ξαίνοι χαί|ρουσιν ὑδεὶν π(ατ)ρί|δα ,0,
21685,22096,14667,θεόγραφον χάριν τῷ κεκτημένῳ,2,
2900,17485,14667,θεόγραφον χάριν δὲ. | τῶ κεκτημένω·,7,
31407,24512,14667,θεόγραφ(ον) | χάριν δὲ τῶ κεκτημένω·:,2,
13023,19981,10869,+ ἡ γὰρ χεὶρ η γράψασα τῆν βίβλον ταύτην σίπ(ε)ται τάφῳ:-,0,
13515,20159,14872,"ὥσπερ ξένοι χαίροντες ἰδεῖν πατρίδα,",0,
13543,20167,12121,γαῖα βροτὸς (καὶ) ὕδωρ· τὰ δ' ἀπ' αὐτόφ(ιν) εἰς τάδε δύνει:,4,
13875,20256,12122,(...) καὶ ὅσα τίς πονέει +,2,
13871,20255,14872,"ὥσπερ ξένοι χαίρουσι ἰδεῖν πατρίδα,",0,
13965,20289,2520,Ἐτελειώθη σὺν Θεῷ τὸ παρὸν πυκτίον,0,
48316,18583,14667,θεόγραφον χάριν δὲ τῶ κεκτημένω·,6,
13985,20291,10869,Ἡ μὲν χεὶρ ἡ γράψασα σήπεται τάφῳ,0,
14406,20393,14872,ὥσπερ ξένοι χαίρουσ(...) ἰδεῖν π(ατ)ρίδα. ,0,
14723,20479,6353,"Μὴ τεμνέτω τις τὰ φύλλα τῶν βιβλίων,",0,
14732,20482,14872,ὥσπερ ξένοι χαίροντες ἰδεῖν πατρίδα,0,
14793,20496,12290,"Πολύδωρον, ἑκάβης τὲ καὶ τοῦ πριάμου παῖδα,",0,
14867,20509,2520,Ἐτελειώθη σὺν θεῷ τὸ παρὸν πυκτίον,0,
15036,20542,6353,μὴ κοπτέτω τΐς τὰ φύλλα τῶν βϊβλίων,0,
15272,20594,14872,"Ὡσπερ ξένοι χαιρ(ων)τ(ες) ἰδεῖν π(ατ)ρίδα,",0,
15245,20585,15261,+ ἄρξου χ(...),0,
15634,20673,10869,"Ἡ χεὶρ μὲν ἡ γράψασα, σάπη τῶ τάφω:",14,
31292,24487,14667,θεόγραφον χάριν δε τῶ κεκτημένω·,2,
28328,23732,14667,θεόγρα|φον χάριν δὲ τῶι κεκτημέ|νω·,2,
49612,33537,14667,θεόγραφον χάριν δὲ τῶ κεκτημένω,2,
16360,20835,12121,γαῖα βροτὸς (καὶ) ὕδωρ· τὰ ἀπ’ αὐτώσφιν εἰς τάδε δύνει·,4,
16436,20863,5549,δόξα τῶ θ(ε)ῶ τῶ δόντι ἀρχὴν κ(αὶ) τέλος,0,
16538,20887,14872,+ ὥσπερ ξένοι χαίροντες ἰδεῖν π(ατ)ρίδα·,0,
16569,20901,5549,Τῶ τὸ τέλος δεδωκότι θεῶ δόξα.,0,
16707,20945,14872,Ὥσπερ ξένοι χαίροντες | ἰδεῖν π(ατ)ρίδα·,0,
16771,20961,12121,γαῖα βροτὸς (καὶ) ὕδωρ· τὰ ἀπ’ αὐτόφ(ιν) εἰς τάδε δύνει·,4,
16772,20961,12122,ὥστε μάτην ὁ βίος (καὶ) ὅσα τις πονέει:+,5,
16806,20982,14872,ὥσπερ ξένοι χαίρουσιν ἰδεῖν αὐτ(ῶν) π(ατ)ρίδα· ,0,
16829,20994,12121,"Γαῖα βροτὸς καὶ ὕδωρ· τὰ ἀπ’ αὐτόφιν εἰς τάδε δύνει,",4,
16830,20994,12122,ὥστε μάτην ὁ βίος καὶ ὅσα τις πονέει.,5,
17088,21067,10869,ἐμ(...) | χειρὶ γράψασα δὲ σίπετ(αι) τάφω:~,1,
17409,21112,15652,"Αἰσχύλ(ε) τὶ φῆς τοὺς θεούς σου προσφέρεις, ",0,
17666,21148,14866,Ὁ πάντα κόσμον ἐν λόγω | κτίσας πάλαι:· |,0,
17698,21152,14667,·:· θεόγραφον χάριν δὲ | τῶ κεκτημένω:~,2,
11638,19626,10869,<Ἡ> μὲν χεὶρ ἡ γράψασα. σήπεται τάφῳ.,0,
17845,21180,14872,(...) πατρίδα βλέπειν (...),0,
17838,21177,6342,ὥσπερ τοῖς | πινῶσην ἡδὺς ὁ ἄρτ(ος),0,
48384,32143,14872,ὥσπερ ξένοι χαίρουσιν ἰδεῖν πατρίδα,0,
17915,21204,12290,"+πολύδωρον ἑκάβης τε καὶ τοῦ πριάμου παῖδα,",0,
17840,21177,3949,οὖτος κ(αὶ) τοις γράφουσην ὀ ἕσχατος στιχος::,2,
9811,19176,14872,+ ὥσπερ ξένοι χαίρουσιν πατρίδα ἐμβλέψαι·,0,
18136,21251,15327,"οἶδ’ ὅτι θνητὸς ἔφυν καὶ | ἐφάμερος, ἀλλ’ ὅταν ἄστρων· |  ",0,
18868,21424,9033,"κεραννύων ἄριστα περιπλέκων,",1,
18957,21452,6353,+ μὴ τεμνέτω τίς | φύλλα τὰ τῶν | βιβλίων +,0,
19129,21481,10869,(καὶ) χεῖρ | μὲν σίπετε τάφω· |,1,
19166,21495,10869,"+ Εἰ μὲν χειρ ι γράψασα σύπεται τάφῳ,",0,
19241,21505,5354,Γραμματικῆς εἰμὶ τέχν(ης) πυκτίον·,0,
19303,21512,10869,εἰ μὲν χεὶρ ἡ γράψασα σύπτεται τάφῳ:,0,
19305,21513,10869,"+ εἰ μὲν χυρὶ γράψασα, σίπεται τάφω·",0,
19419,21535,10869,Ἡ μὲν χεὶρ ἡ γράψασα σήπεται τύμβῳ,0,
19504,21563,10869,"+ ἡ μὲν χεὶρ ἡ γράψασα, σήπεται τάφω.",0,
17849,21183,14872,"Ὥσπερ οἱ ξένοι χαίρουσιν ἰδεῖν π(ατ)ρίδα,",0,
7186,18548,14872,"+ ὥσπερ ξένοι χαίρου(σ)ιν ἰδ(εῖν) π(ατ)ρίδα,",0,
16519,20878,14872,ὥσπερ ξένοι χαίρουσιν ἰδ(εῖ)ν π(ατ)ρίδα·,0,
48414,32232,14872,+ ὧσπερ ξένοι χαίρουσην ειδήν πατρίδα ,0,
19886,21663,14872,ώσπερ ξεν(οι) χέροντες ϊδὶν πατρΐδα,0,
245,16941,14802,και η στρατεβόμενοι ηδὶν τον ηκος,2,
14734,20482,14802,"καὶ οἱ στρατευόμενοι ἰδεῖν τό κέρδος,",2,
48417,32232,14802,καί οἱ στρατευόμενοι ειδήν το νήκος | ,3,
12618,19887,14802,κ(αὶ) οἱ στρατεβομ(εν)οι ἰδεῖν τω νικος·,3,
19888,21663,14802,"και οἱ στρ<α>ττεβόμ(εν)οι ἱδιν τὸ ν<ῖκος>,",2,
20173,21749,10869,"Καὶ χεὶρ μεν ή γράψασα σήπεται τάφω, ",1,
20263,21760,14872,ωσπερ ξενι χεροντες ιδειν πατρίδα,0,
20323,21775,14872,Ὥσπερ ξένοι χαίροντες ἰδῆν πατρίδα,0,
20678,21852,5549,δόξα τῶ λόγω τῶ δόντι τέλος· ἀμήν :,0,
20787,21896,15261,ἄρξον χείρ μου ἀγαθὴ ,0,
21521,22052,14872,"Ὥσπερ ξένοι χαίρ(ον)τες, ἰδεῖν π(ατ)ρίδα",0,
21524,22053,5549,Δόξα τῶ θ(ε)ῶ τῶ δϊδόντι τὸ τέλος:·,0,
21545,22057,5354,Τῆς γραμματικῆς τέχνης εἰμὶ πιξίον·,0,
21583,22064,14872,+ οσπερ ξένοι | χαιρουσιν ηδ(ειν) | π(ατρι)δα,0,
21661,22089,14872,+ὥσπερ ξένοι χαίροντες ἰδεῖν π(ατ)ρίδα,0,
21679,22093,14667,θεόσδοτον χάριν τε τῶ κεκτημένω,2,
21693,22101,10869,"+ Ἡ μὲν χεὶρ ἡ γράψασα, | (...) τάφω·",0,
22150,22170,14872,Ὥσπερ ξένοι χαίρουσιν ἰδεῖν πατρίδα,0,
22155,22173,14872,"ὥσπερ ξένοι χαίρουσιν ἰδ(εῖν) π(ατ)ρίδα,",0,
22611,22264,12121,γαῖα βροτὸς καὶ ὕδωρ τὰ ἀπ’ αὐτόφ(ιν) εἰς τάδε | δύνει,4,
22612,22264,12122,ὥστε μάτην ὁ βίο(ς) (καὶ) ὅσα τ(ις) πονέει+,5,
23064,22326,14872,+ ὥσπερ ξένοι χαίρουσι ἰδεῖν π(ατ)ρίδα,,0
23353,22398,14932,παιδός σου χείρεσιν λιπεῖν βίον ὡς ἐπένευσε ,2,
6874,18472,14872,ὅσπερ (!) ξένοι χαίρωντες (!) ἰδεῖν πατρίδα,0,
12070,19736,14872,ὢσπερι ξἐνη χερουσιν ἠδὶν πατρίδα,0,
24991,22893,14872,"Ὥσπερ ξένη χαίρουσ(ι) ἰδεῖν π(ατ)ρίδ(α),",0,
23776,22494,15261,+ ἄρξου χεῖραν ἀγαθην ,0,
42240,28568,14872,+ ὥσπερ ξένοι | χ(...)ρ(ὸν)τ(ες) ἐδιν | π(ατ)ρίδα,0,
23889,22552,445,εἰς οὐ(ρα)νους τὸν κόσμον ἐκπέμπ(...)λον (?)·,7,
46495,18839,15904,εἰς ἐξέτασιν τῆς ἀκηδίας φθάσας· |,106,
49714,33682,14802,(καὶ) ἡ | στρατευόμ(εν)οι ἠδὶν τὸ νύκος,2,
24086,22621,14866,"+ ὁ πάντα κόσμον ἐν λόγω πήξας λόγε,",0,
24721,22809,5549,τῶ θ(ε)ῶ δόξα. τῶ δόντι ἀρχὴν (καὶ) τέλος,0,
24786,22826,14872,+ ὦσπερ ξένη χαίρου|σιν π(ατ)ρίδα βλέπειν· | ,0,
24963,22877,14932,σοῦ παιδὸς χείρεσσι λιπεῖν φάος· ὣς γὰρ ἔνευσε ,2,
24993,22893,14802,κὰι οἱ στρατεβόμ(εν)οι ἰδεῖν τὸν οἶκον·,2,
25612,23079,14872,ὡσπερ ξενοί χερονται οἰδην π(ατ)ρίδα,0,
25605,23076,10869,(...) σήπετ(αι) τά|φῶ,0,
26135,23150,14872,Ὥσπερ ξένοι χαίρουσιν ἰδεῖν πατρίδα,0,
26174,23161,445,εἰς οὐ(ρα)νοὺς τὸν κόσμον ἐκπέμ|πης ὄλον· |,7,
26273,23172,11233,"†αὕτη ἡ  βίβλος ἔνεστι τ(ῆς) μονῆς τ(οῦ) προδρόμ(ου),",0,
49716,33686,15261,"Ἄρξου, χείρ μου ἀγαθή",0,
26547,23274,14872,"ὥσπερ ξένοι χαίρουσιν ἰδόντες πατρίδα,",0,
26755,23392,10869,"Ή μὲν χεῖρ ἡ γράψασα, | σήπετε τάφω",0,
26751,23388,15261,+ Ἄρξου χεῖρ μου ἀγ[αθὴ].,0,
26774,23401,14872,+ Ὠσπε[ρ] ξενι χέροντες υδεῖν πατρ<ί>δα,0,
26772,23400,15261,(...)ξυ χηρ μου αγαθ ,0,
26729,23366,15470,※ Βῆτα δ’ ὄνειρον ἔχει· ἀγορὴν. καὶ νῆας ἀριθμεῖ:~,0,
44875,30617,15261,+ ἄρξου χήραν αγαθην,0,
26840,23439,3949,οὕτω γε τοῖς γράφουσιν ὕστατος στίχοις,3,
27053,23496,15261,[.]φαρξον χεὶ μου αγαθε,0,
17518,21127,14872,ὥσπερ ξένοι χαίροντ(ες) ἰδεῖν π(ατ)ρίδα,0,
8233,18773,14872,"Ὥσπερ ξένοι χαίρουσιν ἰδεῖν πατρίδα,",0,
27625,23569,14667,"θεόγραφον χάριν δὲ τῶ κεκτημένῳ,",2,
27911,23652,14932,παιδὸς σοῦ χείρεσι λιπεῖν | βίον· ὣς ἐπένευσε ,2,
28014,23684,14932,παιδὸς ἑοῦ χείρεσσι λιπ(εῖν) βίον· (ὣς) γὰρ ἔνευσε,2,
28084,23709,14872,[ὥ]σπερ ξένοι χαίροντες ἰδεῖν πατρίδα·,0,
28008,23683,15261,ἄρξου χῆρ μου ἀγαθεὶ ,0,
28628,23775,14872,ὥσπερ ξένοι χαίροντ(ες) ἠδεῖν πατρίδ(α),0,
28630,23775,14802,κ(αὶ) οἱ στρατεύομενοι ἠδειν (...)κος,2,
28786,23822,14872,+ ὅνπερ ξενοι χέροντες ἰδεῖν π(ατ)ρίδα,0,
29111,23901,14872,†ώσπερ ξένι χέρουσιν υδῆν π(ατ)ρίδα ,0,
29325,23958,14872,[Ὥσπερ] ξένη χαίροντες ἡδεῖν π(ατ)ρίδας,0,
29345,23966,15261,ἄρξου χεὶρ μου ἀγαθὲι,0,
29457,23991,10869,+ Οἱ μὲν χεὶρ ἡ γρά|ψασα σήπεται | τάφω·,0,
29477,23996,15652,αἰσχύλε τί φὴς τοὺς θεούς σου προσφέρ(εις)·,0,
29502,24003,5549,"Δόξα Θ(ε)ῶ τῶ δόντι τῇ βίβλω, τέλος +.",0,
29530,24008,2520,"ἐτελειώθη σὺν θεῷ καὶ τὸ παρὸν Πυκτίον,",0,
29486,23998,15652,αἰσχύλε τὶ φὴς τ(οὺς) θεούς σου προσφέρεις ,0,
29569,24018,14872,+ὤσπερ ξένοι χαίρον(τες) οἰδὴν π(ατ)ρίδα·,0,
29585,24024,10869,"+Ἡ μὲν χεὶρ ἡ γράφουσα, σήπεται |τάφω·",0,
29738,24074,14872,"+ ὥσπερ ξένοι χαίρου|σιν ἰδεῖν π(ατ)ρίδα,",0,
30059,24171,15261,<Ἄ>ρξον χείρ μου ἀγαθὴ,0,
30081,24182,10869,ἠ χεὶρ μ(ὲν) η γράψασα καλύπτετε τάφω:·,0,
30330,24255,15470,+ βῆτα δ´ὄνειρον ἔχει ἀγορὴν καὶ νῆας ἀριθμεῖ:,0,
30487,24317,15261,+ Αρξού χείρ μου αγαθη ,0,
30631,24341,14667,θεόγραφον χάρ(ιν) δε τῶ κεκτημένῳ·,2,
30718,24360,14667,θεόγραφον χάριν δε τῶ κεκτη(μέν)ω:,2,
30831,24386,14872,[Ὥσ]περ ξένοι χαίρονται ηδῆν πατρίδα,0,
31094,24453,14932,σοῦ παιδὸς χείρεσσι λιπεῖν φάος· ὣς γὰρ ἔννεπε |,2,
31075,24451,12122,ὥστε μάτην ὁ βΐος (καὶ) ὅσα τΐς πονέει:-,5,
31151,24463,14932,παι|δός σου χείρεσσι λιπεῖν φάος· ὣς ἐπένευσε ,2,
31214,24472,14932,σου παιδὸς χείρεσσι λιπεῖν φάος· ὥς γὰρ ἔνευσε ,2,
31190,24469,12122,ὥστε μάτην ὁ βίος·  καὶ ὅσα τίς πονέει:+,5,
31357,24498,14932,σοῦ παιδὸς χείρεσι λϊπεῖν φάος· ὣ γὰρ ἔνευσε ,2,
31322,24491,12121,γαῖα βροτὸς κ(αὶ) ὕδωρ· τάδ᾽ ἐπ᾽ αὐτὸ σφιν τάδε δύν(...)|,4,
31323,24491,12122,ὥστε μάτην ὁ βίος· καὶ ὅσα τις πονέει:-,5,
49756,33726,14852,ἂ (καὶ) διδάξει (καὶ) σαφῶς παριστήσει·,6,
29368,23974,15261,ἀρξου χύρ μου | ἀγαθί ,0,
49761,33788,15261,ἂρξοὐ χὒρ μου· ἀγαθἔ,0,
49769,16980,14866,※ ὁ πάντα κόσμον ἐν λόγω κτίσας πάλ(ιν): |,0,
49774,33792,14872,ὡσπερ ξένοι χέρον(τες) ἰδεῖν π(ατ)ρίδα |,0,
16167,20789,14872,+ ὥσπερ ξένι χαίροντες εὑρεῖν π(ατ)ρίδα·,0,
15981,20758,14872,ὥσπερ ξένη χέρουσιν ἠδεὶν π(ατ)ρίδα |,0,
16466,20870,14872,Ὥσπερ οἱ ξένοι χαίρουσιν ἰδ(εῖν) π(ατ)ρίδα·,0,
7825,18669,14872,ὥσπερ ξένη χαί|ροντες ἰδεῖν π(ατ)ρίδα·,0,
44939,30654,15377,δόξα τῶ θ(ε)ῶ παντων | ἕνεκεν·,0,
32409,24725,15470,Βῆτα δ’ ὄνειρον ἔχει ἀγορὴν καὶ νῆας ἀριθμεῖ:-,0,
32446,24762,15470,"βῆτα δ’ ὄνειρον ἔχει, ἀγορὴν. (καὶ) νῆας ἀριθμεῖ:-",0,
41696,28317,14872,[Ὥσπερ] ξένη χαίροντες ἡδεῖν π(ατ)ρίδας,0,
41702,28319,14872,[Ὥσπερ] ξένη χαίροντες ἡδεῖν π(ατ)ρίδας,0,
41714,28323,14872,[Ὥσπερ] ξένη χαίροντες ἡδεῖν π(ατ)ρίδας,0,
48551,32438,14872,Ὥσπερ ξένοι χαίροντες ἰδεῖν λιμένα,0,
19525,21570,14872,+ Ὥσπερ ξένοι χαίρουσιν ἡδὴν π(ατ)ρίδα,0,
49712,33682,14872,ὡσ|περ ξέν(οι) χαίρουσιν ἠδὶν π(ατ)ρίδα,0,
42237,28567,14872,"+ ὥσπερ χαίροντες, ἰδεῖν | π(ατ)ρίδα·",0,
4661,17927,14872,+ ὥσπερ ξένοι χαίροντες ἠδῆν π(ατ)ρίδα·,0,
22222,22195,14872,+Ὥσπερ ξένοι χαίροντ(ες) ἰδεῖν π[ατ]ρίδα,0,
32715,24879,15261,αρξου χείρ μου ἀγαθεῖ ,0,
32790,24902,6353,+ μὴ τεμνέτω τίς τὰ φύλλα τῶν βιβλί(ων)·,0,
33242,24975,14872,ἀπερ ξένη χέροντες ἰδην π(ατ)ρίδα ,0,
33207,24965,15261,αρξου χηρ αναγα,0,
33217,24969,15261,+ ἂρξου χῆρ μου αγαθεῖ· ,0,
33643,25067,12121,Γαῖα βροτὸς καὶ ὕδωρ· τάδ᾽ ἀπ᾽ αὐτῶν σφὶν ἐς τάδε δύνει·,2,
34150,25208,15261,ἄρξον χήρ μου ἀγάθὴ ,0,
48629,32520,13035,"ἥτις καθαρῶς ἐστι πρῶτα γλυκύτης,",13,
34560,25336,14932,σοῦ παιδὸ(ς) χείρεσι | λιπ(εῖν) φάος. ὣς γ(ὰ)ρ ἔνευσε ,2,
34568,25338,5354,ῆς γραμματικῆς εἰμὶ τέχνης πυξί(ον),0,
49789,33802,15261,ἄρξου χείρ μου ἀγαθὲ (?)·,0,
34755,25369,5549,+ δόξα τῶ θεῶ τῶ δόντι τέλος:-,0,
34838,25388,14932,"ἐοῦ παιδὸς χείρεσσι λιπεῖν φάος· ὣς γὰρ ἔνευσε,",2,
34813,25385,15652,"αἰσχύλε τί φης τ(οὺς) θεούς σου προσφέρεις, ",0,
35290,25485,14872,"+ ὥσπερ ξαῖνοι χαίρουσ(ιν) ἰδεῖν π(ατ)ρίδα, ",0,
48656,32528,13035,"ἥτις κα|θαρῶς ἐστι πρῶτ(η) γλυκύτ(ης),",13,
35904,25650,15278,+ τῆ ἁγία καὶ μεγάλη κυριακ(ῆ) τοῦ πάσχ(α),0,
48678,32531,13035,"ἥτις καθαρῶς ἐστι πρώτη γλυκύτης,",13,
34440,25306,10869,ἡ χεὶρ μ(ὲν) ἡ γράψασα σήπεται τάφω·,0,
4367,17841,10869,"+ χεὶρ μ(ὲν) ἡ γράψασα, σίπεται τάφῳ·",0,
37551,26016,15261,+ αρξου χειρ μου αγαθη ,0,
37575,26021,15278,τῇ ἁγία καὶ μεγάλη κυριακῆ τοῦ πάσχα:·​,0,
37815,26110,14932,παιδὸς ἑοῦ χείρεσσι λιπεῖν βίον· ὣς γὰρ ἔνευσε ,2,
37847,26114,14932,σοῦ παιδὸς χείρεσσι λιπεῖν φάος· ὣς γὰρ ἔνευσε ,2,
38164,26231,4634,Δεύτερον ἀστερόφοιτον ἔχει τυφῶνο(ς) ἐνυὼ ,2,
38281,26236,4634,Δεύτερ(ον) ἀστερόφοιτ(ον) ἔχει τυφῶνο(ς) ἐνυώ ,2,
38447,26251,15652,"αἰσχύλ(ε) τὶ φὴς τοὺς θεούς σου προσφέρεις,",0,
39235,26424,15261,+ αρξου χειρ μου αγαθε,0,
39279,26433,14802,καὶ οἱ στρατεβό|μενοι | εἰδεῖν τὸ νίκος ,3,
39306,26438,15261,- αρξου χεὶρ μου ἀγαθη,0,
39567,26545,15652,"αἰ(...)τί φης, τοὺς (...) ",0,
49834,22345,14932,παιδός σου χείρεσι λιπ(εῖν) | βίον· ὡς ἐπένευσε,2,
40936,27084,15278,τῆ ἁγία καὶ μεγάλη κύριακῆ τοῦ πάσχα·,0,
40932,27083,15327,οἶδ' ὅτι θνητὸς ἔφυν καὶ ἐφ' ἅμερος ἀλλ’ ὅτ' ἄν ἄστρων,0,
41544,27234,15278,τῆ ἁγία καὶ μεγάλη κυριακῆ τοῦ πάσχα:∙ +,0,
41594,27247,15278,(...) (...)υρ(ιακῆ) τοῦ πάσχα·,0,
41682,28311,14872,+ ὥσπερ ξένοι χαίροντ(...) ἰδεῖν πατρίδα ,0,
41690,28315,14872,[Ὥσπερ] ξένη χαίροντες ἡδεῖν π(ατ)ρίδας,0,
41693,28316,14872,[Ὥσπερ] ξένη χαίροντες ἡδεῖν π(ατ)ρίδας,0,
41699,28318,14872,[Ὥσπερ] ξένη χαίροντες ἡδεῖν π(ατ)ρίδας,0,
41705,28320,14872,[Ὥσπερ] ξένη χαίροντες ἡδεῖν π(ατ)ρίδας,0,
41708,28321,14872,[Ὥσπερ] ξένη χαίροντες ἡδεῖν π(ατ)ρίδας,0,
41672,27267,15278,※ τῆ ἁγία καὶ μεγάλη κυριακῆ τοῦ πάσχα ※,0,
41711,28322,14872,[Ὥσπερ] ξένη χαίροντες ἡδεῖν π(ατ)ρίδας,0,
41723,28326,14872,[Ὥσπερ] ξένη χαίροντες ἡδεῖν π(ατ)ρίδας,0,
41726,28327,14872,[Ὥσπερ] ξένη χαίροντες ἡδεῖν π(ατ)ρίδας,0,
41717,28324,14872,[Ὥσπερ] ξένη χαίροντες ἡδεῖν π(ατ)ρίδας,0,
41729,28328,15261,+ αρξου χήρ μου αγὰθή ,0,
44987,20711,14667,θεόγραφον χάριν δὲ τῷ κεκτημένῳ·,2,
30499,24318,14667,θεόγραφον χάριν δὲ τῶ κεκτημ(έν)ω:,9,
30325,24253,14667,θεόγραφον χάριν (δὲ) τῶ κεκτημ(ένω)·,2,
31413,24514,14667,θεόγραφον χάριν δὲ τῷ κεκτημένω·,2,
42236,28566,5549,+ δόξα τῶ θεῶ τῶ δόντι τέλος:-,0,
20176,21751,15261,αρξου χηρ μου | αγαθε ,0,
33163,24947,14866,ὁ π(ά)ντ(α) κόσμ(ον) ἐν λόγ(ω) κτίσας | πάλ(ιν),0,
19142,21487,10869,"ἡ χεὶρ μ(ὲν) ἡ γράψασα, σήπεται τάφῳ.",0,
19237,21503,10869,"ἡ μὲν χεὶρ ἡ γράψασα σήπετ(αι) τάφω,",0,
1035,17087,14866,Ὁ πάντα κόσμον| ἐν λόγω κτίσας| πάλαι·,0,
797,17053,14872,"ὥσπερ ξένοι χαίροντες ιδεῖν πατριδα,",0,
26186,23162,445,εἰς οὐ(ρα)νοὺς τὸν κόσμον ἐκπέμπεις ὅλον· |,7,
39589,26548,12121,γαῖα βροτὸς κ(αὶ) ὕδωρ· τὰ δ’ ἀπ’ αὐτόφ(ιν) ἐς τάδε δύνει:,4,
37507,25999,12121,γαῖα· βροτὸς· (καὶ) ὕδωρ· τὰ δ’ ἐπ' αὐτόσφιν τάδε | δύνει·,4,
38029,26195,12121,γαῖα βροτὸ(ς) κ(αὶ) ὕδωρ τὰ δ’ ἐπ' αὐτόφ(ιν) ἐς τάδε δύνει·,4,
45021,21027,12121,γαῖα βροτὸ(ς) (καὶ) ὕδωρ· τὰ δ' ἀπαυτόφιν εἰς τάδε δύνει·,4,
16200,20794,12121,γαῖα βροτὸς καὶ ὕδωρ· τὰ ἀπ’ αὐτόφιν εἰς τάδε δύνει·,4,
37698,26068,12121,γαῖα βροτὸς καὶ ὕδωρ· τὰ ἀπ’ αὐτόφ(ιν) εἰς τάδε δύνει·,4,
8939,18961,12121,"γαῖα βροτὸς καὶ ὕδωρ, τάδ' ἀπ' αὐτόφι εἰς τόδε δύνει,",4,
37508,25999,12122,ὥστε μάτην ὁ βίος (καὶ) ὅσα τις πονέει:+,5,
38030,26195,12122,(ὥσ)τε μάτην ὁ βίο(ς) (καὶ) ὅσα τις πονέει,5,
16201,20794,12122,ὥστε μάτην ὁ βίος (καὶ) ὅσα τις πονέει:+,5,
16361,20835,12122,ὥστε μάτην ὁ βίος καὶ ὅσα τις πονέει:~,5,
9681,19129,12122,ὥστε μάτην ὁ βίος καὶ ὅσα τις πονέει:-,5,
35114,25441,12122,ὥστε μάτην ὁ βίος καὶ ὅσα τις πονέει:+,5,
23753,22487,2520,Ἐτελειὦθει συν θ(ε)ῶ καὶ τὸ παρὸν πτυκτί(ον) ,0,
7837,18674,14872,Ὥσπερ ξένοι χαίρουσιν ἰδεῖν πατρίδα,0,
5788,18191,14872,Ὥσπερ ξένοι χαίρουσιν ἰδεῖν π(ατ)ρίδα,0,
13190,20059,14872,[ὥσ]περ ξένοι χαίρουσιν ἰδεῖν πατρίδα,0,
13058,20001,14872,ὥσπερ ξένοι | χαίρουσιν ἰδεῖν πατρίδας·,0,
247,16942,14872,·:· ὥσπερ ξένοι | χαίρουσιν ἰδεῖν π(ατ)ρίδα.,0,
71,16914,14872,+ ὥσπερ ξένοι χαίρουσιν ἰδεῖν | π(ατ)ρίδα·,0,
19115,21474,10869,"χεὶρ μὲν ἡ γράψασα σήπεται τάφω,",0,
22420,22230,15327,"οἶδ' ὅτι, θνητὸς ἔφυν καὶ ἐφήμερος, ἀλλ' ὅταν ἄστρων ",0,
14408,20393,14802,καὶ οἱ στρατευόμενοι ἰδεῖν τὸ νίκος. ,2,
13148,20043,14802,"καὶ οἱ στρατευόμενοι ἰδεῖν τὸ νίκος,",2,
31064,24449,14802,καὶ οἱ στρατευόμεν(οι) | ἰδεῖν τὸ νῖκος,2,
21673,22091,5549,δόξα τῷ θ(ε)ῷ τῷ δόντι ἀρχὴν καὶ τέλος ἀμὴν:·,0,
15818,20727,5549,Δόξα τῷ Θεῷ τῷ δόντι ἀρχὴν καὶ τέλος.,0,
36880,25855,5549,Δόξα τῶ θ(ε)ῶ τῶ δόντι τέλος γράφος,0,
31189,24469,12121,Γαῖα· βροτὸς· κ(αὶ) ὕδωρ· τάδ᾽ ἐπ᾽ αὐτὸ σφιν τάδε | δύνει·,4,
11678,19640,5549,Δόξα τῷ Θεῷ τῷ δόντι τὸ τέλος,0,
10251,19301,5549,"+ θ(ε)ῶ τω δεδωκώτι τέλος, δόξα:-",0,
20879,21918,5549,"+δόξα τῷ θ(ε)ῷ τῷ δόντι τέλος, ἀμήν:+",0,
11429,19566,5549,+ δόξα Χ(ριστ)ῶ τῶ Θ(ε)ῶ τῶ δόντι ἀρχὴν καὶ τέλος,0,
29542,24010,5549,δόξα τῶ θεῶ τῶ διδόντι τὸ τέλος,0,
26131,23146,5549,δόξα Χ(ριστ)ῷ τῷ Θ(ε)ῶ τῶ δόντι ἀρχὴν καὶ τέλος,0,
22357,22220,5549,δόξα τω θ[ε]ῶ δόντι καὶ ἀρχὴν (καὶ) τέλος˙,0,
42609,18551,5549,δόξα τῶ δόντι ἀρχ(ὴν) κ(αὶ) τέλο(ς)·,0,
42610,29664,5549,+ δόξα τῶ δόντ(ι) ἀρχὴν (καὶ) τέλο(ς)·,0,
42613,29665,5549,δόξα τῶ δόντι ἀρχὴν κ(αὶ) ὁ τέλο(ς)·,1,
12068,19735,14872,ὥσπερι ενηχίρουσιν ἠδὶν πατρίδα,0,
21587,22066,14872,ωσπερ ξενι χερουντ(αι) ειδην πατριδαν |,0,
31403,24510,14667,Θεὅγραφον χάριν δε τῶ κεκτημένω:∙,2,
407,16980,14667,θεόγραφον χάριν δὲ τῶ κεκτημένω:- |,7,
31400,24509,14667,θεόγραφον χάριν δὲ τῷ κεκτημένῳ,2,
31410,24513,14667,θεόγραφον χάριν δὲ τῷ κεκτημένῳ,2,
46933,30931,10671,τῶν πισύρων μακάρ(ων) παίον(ας) ἐνδὲ,26,
19197,21499,10671,τ(ῶν) πισύρ(ων) (...)ακάρ(ων) παιήον(ας) ἐνδεδεγ(...) |,25,
45371,30714,14872,ὥσπερ ξένοι χαίρουσι(ν) ιδὴν πατρίδα,0,
42463,29383,5354,τῆς γραμματικ(ῆς) εἰμὶ τέχνης πυξίον· ,0,
42514,29505,14932,παιδὸ(ς) ἑοῦ χείρεσσι λιπεῖν βίον. ὡς γὰρ ἔνευσε,2,
34069,25179,14932,παιδὸς ἑοῦ χείρεσι λιπ(εῖν) βίον· ὣς γ(ὰ)ρ ἔνευσε,2,
42521,29518,5354,"Τῆς γραμματικῆς εἰμι τέχνης πυξίον,",0,
46809,30844,6353,Μὴ τέμνετω τις τὰ φύλλα τῶν βιβλίων·,0,
8116,18746,14872,+ οσπἐρ ξένη χεροῦσι ηδὴν πατριδα,0,
7828,18670,14872,Ὥσπερ ξένοι χαίρουσιν ἰδεῖν πατρίδα.,0,
12003,19723,14872,+ ὥσπερ ξένοι χαίρουσ(ιν) ἰδ(εῖν) π(ατ)ρίδα,0,
8771,18900,14872,"+ ὥσπερ ξένοι χαίρουσιν ἰδεῖν π(ατ)ρίδα,",0,
21020,21931,14872,ὥσπερ ξένοι χαίρουσιν ἰδεῖν πατρίδα,0,
5237,18056,14872,"+ ὥσπερ ξένοι χαίρου|σιν ἰδειν πατρίδα, |",0,
31062,24449,14872,"+ὥσπερ ξένοι χαίροντες ἰδειν π(ατ)ρίδα,",0,
9313,19042,14872,ὥσπερ ξένοι χαί|ρουσιν ἰδεῖν π(ατ)ρίδα: |,0,
42819,29749,15652,+ αἰσχύλος τί φής· τοὺς θεούς σου προσφέρ(εις),0,
33515,25029,15652,+ αἰσχύλε τί φης τοὺς θεούς σου προσφέρεις, ,0
34675,25355,15652,"+αἰσχύλε τί φὴς τοὺς θεούς σου προσφέρεις, ",0,
42430,28796,14872,+ ὥσπερ ξένοι χαίρουσιν ἰδεῖν π(ατ)ρίδα,0,
7675,18616,14872,Ως πὲρ ξένοι χαίρουσιν εἰδὴν π(ατ)ρί|δαν·,0,
10908,19462,14872,"ὥσπερ ξένοι χέροντες οἱδύν π(ατ)ρίδα,",0,
42786,29724,14872,"ὥσπερ ξένοι χαί|ρουσιν πατρίδα | βλέπειν,",0,
15100,20553,14872,+ Ὥσπερ ξένι χέροντες ἱδὶν π(ατ)ρίδα,0,
15636,20673,14872,Ὥσπερ ξένη χαίρωντες ἱδεῖν π(ατ)ρίδα:,16,
32570,24839,14872,"Ὥσπερ ξένοι χαίρουσι(ν) ἰδεῖν π(ατ)ρίδα, ",0,
4457,17866,14872,"ὡσπερ ξενοι χαίρουσιν ἰδεῖν πατρίδα,",0,
4473,17870,14872,ὧς περ' ξἔνη χἔρον|τες ἡδἧν π(ατ)ρίδα,0,
3136,17569,14872,ὥσπερ ξένοι χαίρ(...) | οἰδεῖν πατρίδα,0,
5118,18026,14872,·:· ὥσπερ ξένοι χαίρουσιν ἰδεῖν | πατρίδα· |,0,
8648,18881,14872,"ὤσπερ ξένοι γάννυνται, ἰδεῖν π(ατ)ρίδα ",0,
17841,21178,14872,"ὥσπερ ξένοι χαίρουσιν ἰδεῖν πατρίδα,",0,
25410,23012,14872,Ὥσπερ ξένοι χέροντ(ες) ἰδεῖν π(ατ)ρῖδα·,0,
23608,22437,14872,ὥσπ(ερ) ξένοι χαίρουσϊν ἰδεῖν π(ατρ)ίδα,0,
8681,18890,14872,Ὥσπερ ξένοι χαίρουσιν ἰδεῖν πατρίδα,0,
36112,25680,14872,ὥσπερ ξένοι χαίροντες οἱδεῖν πατρίδα·,0,
3932,17728,14872,"+ ὥσπερ χαίροντες, ἰδεῖν π(ατ)ρίδα· |",0,
3145,17574,14872,ὥσπερ ξένοι χαίρουσιν | πατρίδα βλέπειν,0,
4913,17978,14872,+ὥσπερ ξένοι χαίρουσιν ἰδεῖν π(ατ)ρίδα,0,
45618,20408,15904,εἰς | ἐξέτασιν τῆς ἀκηδίας φθάσας· ,106,
45842,20452,15904,Εἰς ἐξέτασιν τῆς | ἀκηδί(ας) φθάσας:,106,
21469,22037,3949,τοιοῦτο τοῖς γρά|φουσιν ὕστατος | στίχος:,1,
19126,21479,10869,ἡ χεὶρ μὲν ἡ γράψασα σίψεται τάφῳ,0,
32287,24681,10869,⁜ ἡ χεῖρ ἡ γράψασα σήπεται τάφω,0,
19140,21486,10869,ἡ χεὶρ μὲν ἡ γρἀψασα σίπεται τά|φω,0,
19138,21485,10869,ἡ χεῖρ μὲν ἡ γράψασα σίποιτε τάφω.,0,
8790,18908,10869,ἡ χεὶρ μ(ὲν) ἡ γρά(ψασ)α σίπετ(αι) τάφω,0,
13024,19982,10869,+ ἡ γὰρ χεὶρ η γράψασα τῆν βίβλον τάυτην σίπεται τάφω,0,
19156,21492,10869,"Εἰ μὲν χεῖρ ἡ γρά(φ)ουσα σύμπτετ(αι) τάφω,",0,
19158,21493,10869,"+ ἡ μ(ὲν) χεὶρ ἡ γράφουσα | σήπεται τάφω,",0,
19168,21496,10869,"+ εἰ μὲν χειρ ἡ γραψασα, συπεται τάφω·",0,
19239,21504,10869,ἠ μ(ὲν) χεὶρ ἠ γράψασα | σήπετε τάφω·,0,
518,16995,10869,Ὅτι χεὶρ ἡ γρά|ψασα σίπεται τάφω˙,0,
49169,33012,15261,άρξου χηρ μου αγαθε ,0,
49176,33013,15261,+ άρξου χεῖραν ἀγαθήν.,0,
49177,33014,15261,+ άρξού χείρ μού άγαθη,0,
47379,31118,10869,ἡ χεὶρ μὲν ἡ γράψα|σα‧ σίπεται τά|φω‧,0,
19133,21483,10869,χειρ μ(εν) ἡ γράψασ(α) σέπεται τάφω·,0,
19247,21506,10869,χείρ μεν η γραψασα σιπεται ταφω,0,
47415,31125,14872,+ Οσπερ ξένη χαίροντε ἠδὶν πατρηδαν,0,
47417,31125,14802,και η στρατεβόμενοι ηδὶν τον ηκος,2,
34888,25400,14872,ὥσπερ ξένη χαίροντ(αι) ὐδὴν πατρίδα,0,
8000,18715,14872,+ὥσπερ ξένοι χαίρουσι πα|τρίδα βλέπειν.,0,
41720,28325,14872,[Ὥσπερ] ξένη χαίροντες ἡδεῖν π(ατ)ρίδας,0,
6948,18496,14872,"Ὥσπερ ξένοι χαίρουσιν ἰδεῖν π(ατ)ρίδα,",0,
36117,25683,14872,Ὥσπερ ξένοι χαίροντες (...),0,
6952,18499,14872,"+ ὥσπερ ξένοι χαίρουσιν ἰδεῖν π(ατ)ρίδ(α),",0,
1712,17211,14872,ὡσπερ ξένοι χαίρουσιν ἰδεῖν π(ατ)ρίδ(α)·,0,
11413,19559,14872,+ ὅσπερ ξένη χερ(ον)τες ἤδ(ειν) πατρίδα,0,
10740,19418,14872,ώσπερ ξένοι | χαίροντες εἰδεῖν | πατρίδα |,0,
9993,19236,14872,ὥσπερ ξένοι χέρουσι ἰ|δεῖν π(ατ)ρίδα·,0,
21569,22062,14872,"ὥσπερ ξένοι χἕρουσ(ιν) ἰδ(εῖν) π(ατ)ρίδ(α),",0,
17843,21179,14872,+ Ὥσπερ ξένοι χαίρουσιν ἰδεῖν πατρίδ(α)·,0,
39276,26433,14872,"+ ὥσπερ ξένοι χαίροντες εἰδεῖν π(ατρί)δα, ",0,
1408,17149,14872,"Ὥσπερ ξένοι χαίρου|σιν ἰδεῖν πατρίδα,|",0,
19996,21694,14872,+ ὥσπερ | ξένοι χαί|ρουσιν πα|τρίδα βλέ|πειν.,0,
20256,21757,14872,+ ὥσπερ ξένη χέροντες ἰδεῖν πατρίδα·,0,
20259,21758,14872,ὡσπερ ξένη χέροντες ἰδειν πατρίδα,0,
20266,21761,14872,ὥσπερ ξένοι χαίρουσ(ιν) ἰδεῖν π(ατ)ρίδα,0,
12054,19728,14872,Ὡσπὲρ ξένοι χαίρουσιν εἰδ(εῖν) πατρίδα,0,
7493,18592,14872,"+ ὤσπερ ξενοι χαίρουσιν εἰδειν π(ατ)ρίδα,",0,
21947,22124,14872,ὥσπερ ξένοι χαίρου|σιν ἰδεῖν ἰδίας| πατρίδας,0,
24325,22747,14872,"Ὥσπερ ξένοι χαίρουσιν ἰδεῖν π(ατ)ρίδα, ",0,
47582,31221,14802,καί η στρατεβομενοι ηδοῦν τοῦς ηκοῦς‧,2,
33914,25119,14932,"παιδὸς ἑοῦ χείρεσι λιπεῖν βίον· ὡς γ(ὰ)ρ ἔνευσε,",2,
49411,33381,15470,+ Βῆτα δ’ ὄνειρον ἔχει ἀγορὴν καὶ νῆας ἀριθμεῖ: +,0,
47580,31221,14872,+ ὡσπὲρ ξενοίς χεροντές ηδὴν πατρηδά,0,
11191,19512,14872,"+ ὥσπερ ξένοι χαίρουσιν ἰδ(εῖν) πατρίδα,",0,
1297,17134,14872,ὤσπερ ξέ|νοι χαίρουσιν ἰδεῖν | πατρίδα·,2,
17847,21182,14872,"Ὥσπερ ξένοι χαίρουσιν ἰδεῖν πατρίδα,",0,
49465,33426,15470,"ῆτα δ’ ὄνειρον ἔχει· ἀγορήν, κ(αὶ) νῆας ἀριθμεῖ:-",0,
47996,31578,15652,"αἰσχύλε τί φὴς τοὺς θεούς σου προσφέρεις,",0,
48037,31665,12121,γαῖα βροτὸ(ς) κ(αὶ) ὕδωρ τὰ (...) | εἰς τάδε δύνει·,3,
9680,19129,12121,γαῖα βροτὸς καὶ ὕδωρ· τὰδ᾽ ἀπ᾽ αὐτόφιν εἰς τάδε δύνει·,4,
35113,25441,12121,γαῖα βροτὸς κ(αὶ) ὕδωρ· τὰ δ' ἀπαυτόφ(ιν) εἰς τάδε δύνει·,4,
31074,24451,12121,γαία βροτὸς (καὶ) ὕδωρ· τὰ δ᾽ ἀπ᾽ αὐτόφι ἐς τάδε· | δύνει·,4,
34723,25358,12121,γαῖα βροτὸ(ς) καὶ ὕδωρ τὰ ἀπ’ αὐτόφ(ιν) τάδε δύνει·,4,
29309,23951,12121,γαῖα βροτὸς κ(αὶ) ὕδωρ τὰδ᾽ ἐπ αὐτό σφ(ιν) εἰς | ταδε δαύει (?)·  ,4,
48038,31665,12122,ὥστε μάτην ὁ βίο(ς) κ(αὶ) ὅσα τ(ις) πονέει:-,4,
13544,20167,12122,(ὥσ)τε μάτην ὁ βίος (καὶ) ὅσα τ(ις) πονέει:·,5,
39590,26548,12122,ὥστε μάτην ὁ βίος κ(αὶ) ὅσα τις πονέει+,5,
33644,25067,12122,ὥστε μάτην ὁ βίος καὶ ὅσα τὶς πονέει,3,
45022,21027,12122,ὥστε μάτην ὁ βίος (καὶ) ὅσα τίς (...)ν(...)ει +,5,
37699,26068,12122,ὅστε μάτην ὁ βίος καὶ ὅσα τις πονέει:+,5,
8940,18961,12122,ὥς τε μάτην ὁ βίος καὶ ὅσα τις πονέει.,5,
29310,23951,12122,ὥστε μάταια ὁ βίος κ(αὶ) ὅσα τίς πονέει·:·,5,
34724,25358,12122,(ὥσ)τε μάτην ὁ βίος καὶ ὅσα τ(ις) πονέει,5,
48057,31667,14932,σοῦ παιδὸ(ς) χείρεσσι λιπεῖν φάο(ς) ὣς γὰρ ἔνευσε,2,
39582,26547,14932,σοῦ παιδὸς χείρεσσι λιπεῖν φάος‧| ὣς γ(ὰ)ρ ἔνευσε ,2,
35407,25519,15470,"Βῆτα δ’ ὄνειρον ἔχει· ἀγορὴν, (καὶ) νῆας ἀριθμεῖ:",0,
44327,30341,15470,Βῆτα δ’ ὄνειρον ἔχει· ἀγορὴν· καὶ νῆας ἀχαιῶν:,0,
49902,33873,15470,※ βῆτα δ’ ὄνειρον ἔχει ἀγορήν τε καὶ νῆας ἀριθμεῖ ※,0,
37875,26119,15470,βῆτα δ’ ὄνειρον ἔχει ἀγορὴν καὶ νῆας ἀριθμεῖ·,0,
48759,32644,15470,βῆτα δ’ ὄνειρον ἔχει ἀγορὴν· καὶ νῆας ἀριθμεῖ:-,0,
49879,33844,15470,βῆτα δ’ ὄνειρον ἔχει· ἀγορήν τε κ(αὶ) νῆ(ας) ἀριθμεῖ +,0,
27935,23655,15470,"βῆτα δ’ ὄνειρον ἔχει ἀγορὴν, κ(αὶ) νῆας ἀριθμεῖ–",0,
26498,23239,15470,βῆτα δ’ ὄνειρον ἔχει ἀγορὴν κ(αὶ) νῆας ἀριθμεῖ,0,
49522,33463,15470,βῆτα δ’ ὄνειρον ἔχει ἀγορὴν (καὶ) νῆ(ας) ἀριθμεῖ:-,0,
32555,24833,15470,βῆτα δ’ ὄνειρον ἔχει· ἀγορὴν· καὶ νῆας ἀριθμεῖ:,0,
32494,24803,15470,βῆτα δ’ ὄνειρον ἔχει· ἀγορὴν καὶ νῆας ἀριθμεῖ,0,
24981,22883,15470,·:· βῆτα δ᾽ ὄνειρον ἔχει ἀγορὴν καὶ νῆας ἀριθμεῖ:-,0,
35642,25563,15470,Βῆτα δ’ ὄνειρον ἔχει· ἀγορὴν· καὶ νῆας ἀριθμεῖ:,0,
47860,31422,15470,βῆτα δ᾽ ὄνειρον ἔχει ἀγορ(ὴν) | καὶ νῆας ἀριθμεῖ,0,
29990,24120,15470,βῆτα δ’ ὄνειρον ἔχει ἀγορὴν καὶ νῆας ἀριθμεῖ·,0,
47891,31474,15470,βῆτα δ’ ὄνειρον ἔχει ἀγορὴν· καὶ νῆας ἀριθμεῖ:-,0,
47970,31542,15470,Βῆτα δ’ ὄνειρον ἔχει· ἀγορὴν· κ(αὶ) νῆας ἀριθμεῖ,0,
44911,30626,15470,"βῆτα δ’ ὄνειρον ἔχει, ἀγορήν κ(αὶ) νῆας ἀριθμεῖ:",0,
37633,26037,15470,+ βῆτα δ’ ὄνειρον ἔχει ἀγορὴν κ(αὶ) νῆ(ας) ἀριθμεῖ·,0,
49194,33040,15470,+ Βῆτα δ’ ὄνειρον ἔχει· ἀγορὴν. καὶ νῆας ἀριθμεῖ:~,0,
49932,33912,15470,+ βῆτα δ’ ὄνειρον ἔχει· ἀγορὴν (καὶ) νῆας ἀριθμεῖ +,0,
24200,22707,15470,"Βῆτα. δ᾽ ὄνειρον ἔχει, ἀγορὴν, καὶ νῆας ἀριθμεῖ.",0,
34265,25235,15470,+ βῆτα δ' ὄνειρον ἔχει· ἀγορὴν κ(αὶ) νῆας ἀριθμ(...),0,
34027,25151,15470,βῆτα δ’ ὄνειρον ἔχει· ἀγορὴν καὶ νῆας ἀριθμεῖ·,0,
24133,22653,15470,"βῆτα δ᾽ ὄνειρον ἔχει· ἀγορὴν, καὶ νῆας ἀριθμεῖ:‒",0,
24107,22627,15470,βῆτα δ’ ὄνειρον ἔχει· ἀγορήν· καὶ νῆας ἀριθμεῖ·,0,
32423,24739,15470,"Βῆτα, δ’ ὄνειρον ἔχει· ἀγορὴν· καὶ | νῆας ἀριθμεῖ·",0,
39538,26516,15470,"βῆτα δ’ ὄνειρον ἔχει, ἀγορὴν (καὶ) νῆας ἀριθμεῖ:-",0,
23710,22465,15470,:·βῆτα δ᾽ ὄνειρον ἔχει· ἀγορὴν καὶ νῆας ἀριθμεῖ:·,0,
23940,22567,15470,"·: βῆτα, δ᾽ ὄνειρον ἔχει· ἀγορὴν. κ(αὶ) νῆας ἀριθμοῖ :·",0,
50070,34003,15261,"Ἄρξου, χείρ μου ἀγαθή",0,
48577,32486,15261,άρξου χιρα αγα|θη,0,
42480,29424,15261,ἄρξο χίρ μ(ου) ἀγαθί ,0,
20140,21743,15261,αρξου χειρ μου αγαθη ,0,
26151,23154,15261,ἄρξου χῆρ μοῦ ἀγαθῆ,0,
26159,23158,15261,+ αρξου χηρ μου ἀγαθη,0,
26164,23159,15261,+ ἄρξου χειρ μου ἀγαθὶ,0,
41918,28426,15261,αρξου χείρ μου ἀγαθεῖ ,0,
48128,31715,15261,αρξου χείρ μου ἀγαθεῖ ,0,
32746,24891,15261,+ ἄρξου χείρ μου ἀγαθή· ,0,
23778,22495,15261,+ ἄρξου χήραν αγαθὴν,0,
50082,34010,15278,τῆ ἀγία καὶ | μεγάλη κυ(ριακῆ) τοῦ πάσχ(α)·,0,
41480,27218,15278,τῆ ἁγ(ία) κ(αὶ) μ(ε)γ(ά)λ(η) κυ(ριακη) τοῦ πάσχ(α):,0,
41499,27223,15278,τῆ ἁγ(ία) (καὶ) μεγά(λη) κυρ(ιακῆ) τοῦ πάσχα:-,0,
41417,27199,15278,⁘ τῆ ἁγία καὶ μεγάλη κυριακῆ τοῦ πάσχα:∙,0,
49719,33689,15278, Τῆ ἁγία και μ(εγά)λ(η) κυρ(ιακὴ) τοῦ πάσχα:,0,
41355,27182,15278,τῆ ἁγία καὶ μεγάλη κυ(ριακῆ) τοῦ πάσχα:-,0,
41545,27235,15278,⁘ τῆ ἁγία καὶ μεγάλη κυριακῆ τοῦ πάσχα:∙ +,0,
36119,25684,15278,+ τῆ ἁ|γία καὶ | μεγά|λη κυ|ριακῆ (...) πάσχα ※,0,
41430,27205,15278,τῇ ἁγ(ίᾳ) κ(αὶ) μ(ε)γ(ά)λ(ῃ) κυ(ριακῇ) τοῦ πάσχ(α):,0,
50121,34083,15327,οἶδ’ ὅτι θνητὸς ἔφυν καὶ ἐφάμερος· ἀλλ’ ὅταν ἄστρ(ων),0,
10422,19345,15327,Οἶδ’ ὅτι θνητὸς ἔφυν κ(αὶ) ἐφήμερος· ἀλλ’ ὅταν ἄστρων,0,
49265,33153,15327,"Οἶδ’ ὅτι θνητός ἔφυν καὶ ἐφήμερος, ἀλλ’ ὅταν ἄστρων",0,
42442,29368,15327,+οἶδ’ ὅτι θνητὸς ἔφυν καὶ ἐφάμερος· ἀλλ’ ὅταν ἄστρων |,0,
18264,21267,15377,δόξα σοι κ(ύρι)ε πάντων ἕνεκεν +,1,
21248,21974,15377,+ δοξα τώ θ(ε)ω ἡμ(ῶν) παντ(ων) ἕνεκεν,0,
21470,22038,14866,※ ὁ πάντα κόσμον | ἐν λόγωι κτίσας | πάλαι: |,0,
50240,34171,15470,+ βῆτα δ’ ὄνειρον ἔχει ἀγορ(ὴν) (καὶ) νῆας ἀριθμεῖν +,0,
50025,33961,15470,βῆτα δ’ ὄνειρον ἔχει· ἀγορῆ καὶ νῆας ἀριθμεῖ:-,0,
36986,25879,3949,οὕτω γε τοῖς γράφουσιν ὕστατος στίχοις:,3,
50447,34326,15652,Αἰσχύλε τὶ φής· τοὺς θεούς σου προσφέρεις,0,
50561,34449,15904,εἰς ἐξέτασιν τῆς ἀκηδίας φθάσας.,19,
43630,29801,15904,εἰς ἐξέτασ(ιν) τῆς ἀκηδίας φθάσ(ας)·,106,
